credit_score,annual_income_usd,debt_to_income_ratio,employment_tenure_years,defaulted,loss_given_default
833,60756,0.355,0.9,1,0.5993
650,80433,0.459,0.5,0,
692,42974,0.109,0.5,0,
724,80906,0.314,1.5,0,
622,54400,0.202,10.5,1,0.7934
690,101651,0.093,3.4,0,
689,117690,0.398,8.5,0,
540,140916,0.417,1.0,1,0.9055
776,56808,0.362,0.7,1,0.6579
741,32037,0.215,2.8,0,
636,27287,0.128,6.9,0,
675,53255,0.171,1.1,0,
732,31047,0.104,2.4,0,
667,27817,0.41,1.8,1,0.977
669,51782,0.15,1.4,1,0.7734
566,38228,0.054,6.2,0,
737,85413,0.05,4.2,0,
700,155594,0.17,4.2,0,
713,55081,0.106,2.4,0,
560,71387,0.251,6.3,1,0.9065
830,28821,0.072,9.0,0,
703,67053,0.313,0.5,0,
657,43916,0.209,4.0,0,
850,36285,0.351,10.8,0,
686,25172,0.651,5.9,0,
566,132593,0.254,0.5,0,
655,28365,0.356,10.3,1,0.8877
500,34455,0.283,3.4,1,0.8716
779,61847,0.341,8.4,1,0.7173
654,70734,0.05,0.5,0,
626,70889,0.474,0.8,1,0.8765
781,64916,0.291,1.3,0,
549,40163,0.068,3.6,1,0.9182
735,89135,0.188,4.1,0,
514,67666,0.682,1.2,1,0.8547
633,30737,0.597,8.8,0,
587,133158,0.213,7.7,0,
814,52388,0.186,5.0,1,0.686
840,97339,0.162,0.5,0,
661,30721,0.411,2.5,0,
761,34898,0.119,6.2,0,
674,46925,0.167,9.7,0,
738,44347,0.168,10.1,0,
626,100523,0.05,2.2,0,
544,28366,0.35,0.5,1,0.9276
536,66932,0.496,0.8,1,0.8919
722,38021,0.09,1.8,0,
850,79293,0.375,4.7,0,
712,68374,0.417,1.7,0,
645,47510,0.151,7.1,0,
850,179938,0.551,1.3,0,
710,60586,0.262,3.6,0,
698,104827,0.456,1.2,1,0.8892
711,32747,0.351,2.3,1,0.8882
678,58372,0.05,6.8,0,
663,64663,0.257,3.8,0,
568,66248,0.285,7.5,0,
732,52550,0.362,2.7,0,
681,41655,0.051,3.8,0,
791,18000,0.137,0.5,0,
658,47231,0.14,2.3,1,0.7746
527,39943,0.05,10.5,1,0.869
681,54893,0.217,2.5,0,
834,93765,0.38,5.5,1,0.5482
657,180041,0.364,1.9,0,
614,80195,0.325,5.2,0,
588,101255,0.62,0.5,1,0.9222
600,84119,0.183,0.5,0,
664,88187,0.464,0.5,0,
589,82616,0.444,2.1,0,
817,54900,0.235,5.9,1,0.5815
665,53300,0.336,0.5,0,
699,73063,0.177,17.1,0,
812,147929,0.196,0.8,0,
817,90857,0.222,8.0,0,
671,135252,0.292,0.7,0,
718,33545,0.577,9.1,1,0.9131
752,71010,0.15,5.8,0,
673,75755,0.7,0.9,1,0.915
538,80364,0.119,2.3,0,
745,32369,0.347,1.9,1,0.9234
766,25837,0.687,14.7,0,
725,22587,0.517,2.0,0,
611,51719,0.303,1.2,0,
673,193146,0.057,1.7,0,
639,69592,0.176,3.5,0,
664,35058,0.42,5.0,0,
800,73809,0.285,3.9,0,
820,54278,0.572,10.7,0,
746,68120,0.05,3.7,0,
736,50532,0.219,7.0,0,
747,33724,0.252,2.9,1,0.8793
688,48665,0.262,0.7,0,
683,88534,0.119,1.6,0,
632,72755,0.405,3.8,1,0.9612
685,113084,0.229,3.6,0,
850,37645,0.274,0.5,0,
763,104228,0.351,0.5,1,0.5787
660,64942,0.47,3.1,1,0.9564
649,69261,0.066,9.4,1,0.7357
616,114969,0.509,5.5,0,
721,59403,0.474,2.3,1,0.8083
723,71554,0.371,4.4,1,0.9088
567,86149,0.343,0.5,1,0.8718
731,86566,0.316,2.8,0,
641,93827,0.344,3.9,0,
811,118113,0.128,7.0,0,
703,82033,0.397,5.9,1,0.8285
836,51550,0.244,7.1,0,
651,200000,0.354,2.5,1,0.6379
665,62852,0.167,5.0,0,
715,76544,0.161,9.2,0,
779,44650,0.486,4.9,0,
738,22429,0.05,1.6,0,
585,44038,0.155,1.9,1,0.8975
705,66020,0.287,3.4,0,
691,82599,0.334,9.6,0,
653,64903,0.52,2.8,1,0.8994
634,93796,0.472,10.2,1,0.6349
838,103093,0.172,0.6,0,
656,102964,0.187,0.7,1,0.7738
618,64237,0.162,0.5,1,0.8752
744,66737,0.194,6.4,0,
701,57867,0.05,6.6,0,
683,42179,0.587,2.1,0,
756,127265,0.05,2.8,1,0.5305
731,35365,0.066,8.3,1,0.702
720,62018,0.245,0.5,1,0.7304
771,71581,0.495,0.5,0,
714,22998,0.151,2.3,1,0.8931
637,91748,0.363,5.3,0,
659,54288,0.12,5.1,0,
645,71529,0.603,4.7,1,0.9036
707,54801,0.227,5.4,0,
598,30760,0.473,2.6,1,0.8909
534,70604,0.334,2.8,1,0.956
697,67592,0.361,0.5,0,
576,103716,0.187,5.7,0,
524,80719,0.278,2.1,1,0.8957
721,28654,0.242,0.6,0,
629,109054,0.381,5.0,0,
732,94204,0.508,0.5,1,0.5833
644,92866,0.503,2.3,1,0.939
594,81173,0.406,1.6,1,0.8757
584,45839,0.418,5.9,0,
646,83049,0.148,0.5,0,
666,53995,0.338,8.5,1,0.9019
620,200000,0.055,5.1,0,
666,57401,0.255,0.6,0,
559,37762,0.319,5.7,1,0.8881
691,54623,0.228,0.5,0,
537,128383,0.374,0.5,1,0.8621
673,48919,0.622,4.4,1,0.9494
749,19903,0.15,2.1,0,
782,130188,0.193,2.3,0,
835,75269,0.266,0.5,0,
557,50696,0.482,5.2,1,0.8584
754,90649,0.7,4.3,0,
792,41304,0.129,10.7,0,
773,36629,0.311,0.5,0,
611,101606,0.469,2.2,1,0.9086
725,50219,0.415,2.5,0,
848,83003,0.05,2.9,0,
562,64704,0.547,3.3,1,0.9302
730,95974,0.125,1.3,0,
784,67766,0.108,0.5,1,0.4885
630,24056,0.167,2.3,0,
739,89199,0.062,7.3,0,
598,51219,0.241,1.3,0,
620,98253,0.168,4.2,0,
620,67894,0.19,12.1,0,
706,127384,0.222,3.6,0,
682,55301,0.27,1.6,0,
771,23957,0.193,5.7,0,
610,55132,0.297,0.8,1,0.9194
678,82309,0.107,20.0,0,
771,54556,0.131,5.7,0,
737,51359,0.058,1.3,0,
577,130436,0.349,3.4,1,0.7458
746,59759,0.292,0.5,1,0.7574
649,106573,0.08,0.5,0,
722,69019,0.352,1.8,1,0.6509
715,32099,0.553,1.9,0,
793,40908,0.138,4.7,0,
699,55271,0.136,0.9,0,
532,74475,0.05,3.4,1,0.8905
573,43528,0.291,7.6,1,0.9285
752,32585,0.459,0.5,0,
668,39462,0.195,1.9,1,0.8884
786,49987,0.266,2.7,0,
713,41999,0.205,6.3,0,
626,48528,0.224,0.9,1,0.9314
782,156982,0.502,10.7,1,0.4539
621,73430,0.151,2.8,0,
515,43357,0.485,0.5,1,0.8651
850,63867,0.05,1.0,0,
527,136882,0.514,7.6,1,0.9027
744,87563,0.14,1.1,0,
769,61111,0.7,2.2,0,
702,33465,0.169,0.7,1,0.9316
546,28372,0.231,5.2,1,0.8778
776,54440,0.232,3.5,1,0.7398
567,60930,0.135,11.8,0,
575,29397,0.05,0.5,1,0.9538
659,33729,0.184,3.9,1,0.7781
757,62822,0.383,0.8,0,
715,22102,0.202,3.9,1,0.7177
758,28007,0.577,6.1,0,
652,62491,0.224,3.0,1,0.8982
675,83868,0.607,6.5,0,
593,74667,0.193,0.5,1,0.842
663,103467,0.452,8.6,1,0.8821
740,136644,0.303,0.5,0,
664,98595,0.306,2.4,1,0.7837
730,56419,0.125,3.7,0,
641,178296,0.183,0.5,0,
639,143964,0.46,19.6,0,
693,100761,0.3,3.1,0,
673,43471,0.137,14.1,0,
740,77884,0.545,8.5,0,
705,23510,0.499,1.6,1,0.884
837,54777,0.434,3.9,0,
671,19455,0.312,1.0,1,0.9482
670,52543,0.216,5.1,0,
601,105258,0.209,1.7,0,
691,64924,0.255,3.8,0,
748,139845,0.267,2.9,0,
627,64379,0.3,3.3,0,
685,67652,0.375,7.2,0,
751,55743,0.277,2.3,0,
679,83252,0.239,2.5,1,0.6779
645,63466,0.31,0.5,0,
772,114912,0.211,5.9,1,0.6184
698,140050,0.49,1.3,0,
723,77258,0.138,5.5,1,0.6453
789,37650,0.176,0.5,0,
787,84550,0.124,3.2,0,
660,123963,0.286,6.8,0,
645,88415,0.433,7.4,1,0.8675
714,74449,0.05,2.8,0,
678,101683,0.271,0.9,1,0.8486
528,121913,0.374,3.9,0,
798,18472,0.341,7.4,1,0.6481
691,134315,0.292,0.5,0,
752,93926,0.416,0.8,0,
590,81627,0.132,1.7,0,
799,49604,0.104,5.5,0,
639,72220,0.517,2.1,0,
680,86746,0.49,1.5,0,
570,31760,0.341,4.2,0,
675,92832,0.225,2.0,0,
670,67063,0.358,9.4,1,0.8624
674,131152,0.091,3.3,0,
727,89724,0.534,3.1,1,0.7501
695,59583,0.496,5.9,1,0.7134
772,66559,0.426,2.5,0,
650,88251,0.521,2.5,0,
605,69602,0.341,6.1,0,
688,84348,0.148,5.4,0,
743,46050,0.216,4.1,0,
795,35596,0.412,0.8,0,
759,49266,0.23,3.6,1,0.6046
539,32647,0.475,12.1,0,
722,44651,0.181,0.8,0,
814,76884,0.144,9.1,1,0.5457
695,29614,0.293,4.3,0,
646,35924,0.344,1.6,0,
716,92298,0.32,4.3,0,
647,50279,0.468,0.7,1,0.9034
744,64526,0.28,1.9,0,
688,35815,0.482,1.4,0,
808,39271,0.15,1.1,0,
732,56054,0.441,4.9,1,0.9076
628,141934,0.499,2.6,0,
741,80242,0.295,1.0,1,0.7596
769,29023,0.217,0.6,0,
641,80402,0.11,2.3,0,
653,100961,0.683,8.7,0,
500,90370,0.553,5.3,0,
766,36029,0.554,5.3,1,0.8423
640,62817,0.139,15.4,0,
509,179709,0.194,5.6,0,
539,41418,0.269,3.0,1,0.8832
671,76114,0.05,6.0,0,
754,45221,0.232,1.8,0,
682,35227,0.513,13.2,0,
730,52710,0.181,0.5,0,
596,106346,0.413,7.6,1,0.9042
575,113150,0.107,0.5,0,
765,42483,0.7,0.9,1,0.8785
731,51678,0.48,2.5,0,
687,42332,0.225,1.8,0,
798,23928,0.366,2.0,0,
609,86777,0.326,3.0,1,0.7883
654,137052,0.171,1.5,0,
777,133345,0.216,2.4,0,
846,51890,0.05,1.3,0,
690,122793,0.429,0.5,1,0.7515
832,109661,0.165,3.2,0,
638,55244,0.365,1.2,0,
718,64818,0.46,4.3,1,0.7506
675,54454,0.248,5.1,0,
554,72927,0.52,1.3,1,0.8594
711,155397,0.244,2.3,0,
769,41722,0.118,8.9,0,
677,36687,0.324,1.2,1,0.9675
684,98986,0.459,11.3,1,0.7394
808,67000,0.109,1.5,0,
583,26278,0.327,1.2,0,
562,40078,0.124,4.9,0,
634,43816,0.214,3.5,1,0.9126
588,48671,0.147,0.8,1,0.9134
804,76108,0.246,10.1,0,
716,105149,0.257,1.8,0,
616,60379,0.084,0.5,0,
637,70099,0.165,4.9,0,
850,45662,0.204,1.3,1,0.648
638,106583,0.05,16.7,0,
625,124468,0.137,2.7,0,
715,57556,0.071,5.8,1,0.6378
744,45785,0.583,1.6,0,
708,176674,0.503,0.5,1,0.8539
612,102027,0.289,8.1,1,0.9053
591,42592,0.253,0.5,0,
740,29029,0.5,7.7,0,
685,56794,0.128,0.6,1,0.8157
550,116300,0.115,10.6,0,
789,50382,0.058,7.6,0,
755,58165,0.356,4.5,0,
669,51671,0.227,0.5,0,
667,89489,0.366,1.4,1,0.8884
709,127934,0.148,6.1,0,
631,35783,0.286,9.0,0,
575,57036,0.132,0.5,1,0.8692
717,59522,0.244,11.7,0,
567,48591,0.098,4.6,0,
723,36905,0.535,4.7,0,
567,97214,0.158,2.0,1,0.8568
681,70652,0.14,2.2,0,
678,92650,0.1,1.8,0,
841,135755,0.406,6.8,0,
599,55048,0.239,11.1,0,
569,85089,0.195,6.9,0,
635,54071,0.358,11.3,1,0.8982
594,62896,0.23,5.8,0,
639,77021,0.277,7.1,0,
725,60705,0.419,1.0,0,
755,31791,0.085,1.7,1,0.7244
831,135474,0.347,15.1,0,
627,70619,0.05,0.8,1,0.8804
850,37894,0.363,7.1,0,
850,22743,0.05,0.5,0,
672,64944,0.469,1.7,1,0.8836
500,89939,0.457,0.5,0,
682,106739,0.144,4.4,1,0.644
696,112436,0.193,3.4,0,
500,54736,0.093,6.1,1,0.9701
696,89609,0.231,9.1,0,
672,31330,0.469,2.4,1,0.9417
623,70682,0.126,14.3,0,
743,102089,0.331,5.9,1,0.7545
775,49027,0.245,6.7,0,
648,60848,0.05,0.5,0,
709,69184,0.378,9.0,0,
634,70257,0.2,4.1,1,0.8327
623,134509,0.357,1.0,0,
696,39128,0.322,3.8,0,
734,125168,0.266,4.6,0,
642,36091,0.3,5.1,1,0.8901
501,47707,0.253,3.7,1,0.8676
739,45283,0.129,2.6,0,
554,63068,0.244,4.3,0,
700,51826,0.132,1.4,0,
841,82926,0.131,1.9,0,
688,66133,0.378,0.5,0,
588,189430,0.124,0.5,1,0.8289
565,79168,0.402,10.1,0,
789,58241,0.141,5.4,0,
688,78719,0.306,4.9,1,0.7162
735,87654,0.302,6.5,0,
768,60015,0.284,9.4,0,
685,38516,0.285,9.3,1,0.7684
663,44656,0.604,0.5,1,0.9139
609,71637,0.503,1.3,1,0.8903
500,98183,0.237,4.1,0,
560,82904,0.162,8.8,1,0.9018
684,63090,0.418,0.5,0,
675,86258,0.338,1.6,0,
724,51920,0.7,6.2,1,0.8132
679,74518,0.13,8.3,0,
703,130205,0.301,0.8,0,
756,112468,0.185,4.2,0,
614,126151,0.486,1.6,0,
665,55042,0.274,0.6,0,
553,72526,0.313,2.3,0,
772,40483,0.317,1.0,0,
693,102205,0.05,1.8,0,
731,53591,0.338,3.7,0,
821,34873,0.127,0.7,0,
781,51727,0.213,1.0,0,
684,74194,0.123,0.5,0,
756,22746,0.385,6.2,0,
568,33265,0.353,3.8,0,
726,105513,0.108,11.2,0,
701,68767,0.346,6.3,0,
552,64245,0.156,3.1,0,
803,30312,0.136,3.7,0,
630,140536,0.157,3.0,0,
748,107504,0.241,2.0,1,0.7542
654,91974,0.088,9.2,0,
774,38473,0.408,4.5,0,
801,86637,0.279,3.6,0,
619,113657,0.233,8.9,0,
559,56084,0.206,5.0,0,
678,58222,0.31,5.9,0,
762,52271,0.383,2.5,0,
658,87485,0.2,4.1,0,
637,58565,0.458,2.3,0,
731,56323,0.348,0.5,0,
500,32633,0.448,2.6,1,0.8782
633,29523,0.311,3.0,1,0.9309
572,102853,0.232,0.5,1,0.846
715,139618,0.137,5.1,0,
627,99287,0.185,0.6,1,0.9039
595,129505,0.13,2.3,1,0.7271
659,50575,0.05,14.0,0,
565,63988,0.229,2.1,1,0.8484
688,78361,0.144,5.1,1,0.754
631,60504,0.403,1.6,1,0.9076
657,146008,0.351,2.5,0,
629,34628,0.401,4.4,1,0.8726
767,49717,0.32,1.2,0,
680,55352,0.089,5.4,1,0.7174
734,46603,0.138,4.8,0,
730,98131,0.114,1.1,0,
621,25105,0.581,1.1,1,0.883
738,112959,0.135,4.7,0,
719,101038,0.244,5.5,0,
716,76208,0.05,3.8,1,0.721
656,127993,0.192,1.2,0,
653,200000,0.275,2.1,0,
756,71521,0.143,7.6,1,0.5341
850,93055,0.236,3.7,0,
619,79181,0.203,12.4,0,
735,84298,0.196,2.8,0,
658,51514,0.157,5.1,0,
756,46500,0.05,0.5,0,
727,88033,0.303,6.7,0,
780,51194,0.39,0.5,0,
500,102871,0.337,2.6,1,0.8746
638,96481,0.059,11.1,0,
606,53170,0.324,1.0,1,0.847
680,78468,0.355,2.6,0,
628,68453,0.15,2.3,0,
635,61741,0.129,1.5,0,
747,113650,0.15,9.8,0,
850,67301,0.219,6.2,0,
500,73857,0.61,0.5,1,0.9344
663,26045,0.314,2.5,0,
716,88000,0.7,15.3,0,
690,33133,0.058,0.8,0,
660,54908,0.14,0.5,1,0.9267
574,143037,0.523,3.0,0,
609,155623,0.492,0.6,1,0.8768
751,54840,0.425,1.1,0,
781,36193,0.382,15.2,0,
698,80119,0.192,6.1,0,
618,54658,0.32,11.0,0,
698,77855,0.159,2.2,1,0.6519
669,34705,0.519,1.2,0,
736,113210,0.162,2.4,0,
700,139113,0.569,1.2,0,
637,33079,0.3,1.2,1,0.9017
706,45742,0.177,8.9,0,
589,47432,0.207,3.1,1,0.9202
759,94130,0.322,2.6,0,
790,25787,0.309,2.3,0,
589,73187,0.089,4.0,1,0.8816
725,59368,0.675,2.4,0,
605,45320,0.109,5.3,1,0.8469
781,92857,0.659,0.7,1,0.7385
766,26013,0.678,2.1,1,0.8198
670,34373,0.273,5.6,1,0.8427
774,45535,0.43,1.5,0,
653,93175,0.058,0.5,0,
635,56118,0.326,16.1,0,
641,44552,0.137,5.2,0,
678,83514,0.05,5.7,0,
662,52690,0.223,0.5,1,0.8716
703,48718,0.323,0.5,1,0.8977
637,57425,0.224,3.6,1,0.7997
754,78139,0.462,0.5,0,
776,200000,0.364,3.5,0,
647,39443,0.485,5.2,1,0.8997
568,75960,0.364,1.9,1,0.9014
751,61764,0.26,3.9,1,0.5837
786,58773,0.211,1.5,1,0.6974
676,138025,0.438,1.5,0,
580,96626,0.271,0.5,0,
712,92040,0.69,3.4,0,
819,53718,0.567,0.5,1,0.8584
530,44486,0.1,9.0,0,
730,76946,0.311,0.7,0,
663,58283,0.05,0.9,1,0.5574
617,50793,0.393,4.3,0,
732,92287,0.216,1.7,0,
579,37544,0.341,3.1,1,0.9101
715,47254,0.092,0.8,0,
801,97733,0.124,11.9,0,
705,64430,0.181,0.5,1,0.7243
615,92318,0.299,0.5,0,
538,44559,0.584,6.6,1,0.8181
581,94035,0.25,10.3,0,
533,47764,0.652,1.3,1,0.8854
825,128651,0.343,1.8,0,
668,98207,0.16,8.9,0,
601,83990,0.192,1.3,0,
579,140442,0.301,3.9,0,
599,79571,0.508,0.5,0,
661,49734,0.222,7.2,1,0.8795
580,141837,0.177,2.3,0,
832,79561,0.172,2.3,0,
626,120961,0.454,2.3,1,0.8687
623,72569,0.189,1.6,0,
716,117851,0.206,2.5,0,
813,44592,0.234,10.5,0,
802,36845,0.201,5.6,1,0.5435
648,34464,0.353,1.3,0,
711,97349,0.479,1.2,0,
702,26364,0.395,10.4,0,
735,28788,0.152,5.2,0,
711,34289,0.231,12.3,0,
609,75691,0.175,5.0,0,
582,83539,0.39,8.8,0,
704,45843,0.186,1.2,0,
589,98882,0.183,3.6,1,0.8793
805,79037,0.4,0.5,0,
693,121194,0.203,4.9,0,
602,106701,0.32,5.2,0,
662,48772,0.334,1.4,1,0.8677
646,74718,0.136,1.2,1,0.8295
678,62767,0.185,0.5,0,
770,84788,0.174,1.7,0,
567,74925,0.543,3.3,1,0.8953
531,68824,0.163,0.5,1,0.8462
718,95657,0.099,13.6,0,
674,70075,0.214,4.8,1,0.5744
703,96734,0.259,0.9,1,0.5307
727,69232,0.073,3.6,1,0.6211
674,63138,0.403,3.0,1,0.923
757,105949,0.634,0.7,0,
614,107541,0.427,3.0,1,0.8814
695,123418,0.51,2.1,1,0.8854
619,92151,0.472,0.5,0,
593,61573,0.142,2.4,1,0.9577
742,74657,0.682,2.4,0,
738,73505,0.378,9.4,0,
524,29363,0.468,7.9,1,0.8815
594,39803,0.33,13.7,1,0.9162
714,141531,0.229,4.0,0,
780,66255,0.344,2.4,0,
633,18000,0.075,3.5,1,0.9685
674,64387,0.472,0.5,0,
569,73604,0.156,1.1,1,0.8654
850,37830,0.324,9.6,1,0.6167
730,200000,0.183,0.5,0,
766,116802,0.083,0.5,0,
745,100485,0.188,0.8,0,
769,62210,0.513,6.3,0,
741,85772,0.298,3.4,0,
661,101957,0.553,10.0,0,
753,85516,0.235,9.1,0,
696,49396,0.08,3.1,0,
800,74520,0.336,2.7,0,
627,72467,0.422,0.7,0,
643,78192,0.307,6.6,1,0.7263
746,41287,0.3,4.9,0,
798,77036,0.225,0.5,0,
702,67967,0.262,4.5,0,
629,75953,0.404,0.5,1,0.8971
679,74663,0.325,1.6,0,
647,34033,0.36,1.6,0,
850,102012,0.276,3.4,0,
766,96840,0.363,0.5,0,
797,35578,0.05,0.7,1,0.6943
715,64598,0.103,1.7,0,
642,44950,0.175,3.5,0,
789,54342,0.11,4.8,0,
830,108987,0.335,1.2,0,
739,86873,0.133,0.5,1,0.6105
687,173764,0.386,3.2,0,
781,70288,0.244,0.5,0,
658,39332,0.361,2.5,0,
754,70901,0.561,3.5,0,
629,20836,0.268,7.3,1,0.9031
607,157052,0.198,6.1,0,
738,75757,0.7,0.8,1,0.8688
718,82676,0.272,1.0,1,0.7834
850,71705,0.424,8.6,0,
666,44298,0.076,5.1,1,0.8471
691,62809,0.312,7.7,0,
593,45637,0.22,3.1,0,
531,51943,0.294,0.9,0,
538,77561,0.205,1.4,1,0.9252
729,37129,0.196,12.9,0,
589,144597,0.252,9.2,0,
785,39525,0.257,5.4,0,
810,97795,0.252,5.3,0,
665,48341,0.636,1.3,1,0.8971
830,36136,0.271,2.2,0,
709,78551,0.59,1.2,0,
785,70602,0.559,3.1,0,
670,58418,0.08,0.5,0,
771,63146,0.189,6.3,0,
609,48119,0.185,0.5,0,
742,79288,0.277,4.6,0,
650,51314,0.432,3.2,1,0.8543
678,65127,0.626,8.1,0,
743,109474,0.228,1.3,0,
704,34166,0.361,1.9,0,
683,48887,0.105,0.5,0,
751,46423,0.274,1.4,0,
758,43755,0.281,0.7,0,
572,33590,0.565,2.6,0,
737,56018,0.212,7.1,0,
747,68568,0.072,0.7,0,
626,60352,0.222,3.4,0,
722,29687,0.143,0.6,0,
577,87936,0.09,0.5,0,
812,88947,0.4,6.6,0,
669,65698,0.568,6.8,0,
683,39382,0.576,7.4,0,
791,42140,0.059,3.8,0,
677,160500,0.369,0.5,0,
740,144050,0.243,2.9,0,
600,79409,0.305,6.5,0,
641,40939,0.258,7.2,0,
571,115456,0.438,2.4,0,
672,68787,0.05,5.1,0,
777,140508,0.327,6.7,0,
709,48056,0.363,3.0,0,
765,78987,0.552,4.1,1,0.7626
602,57134,0.458,2.7,0,
614,90388,0.312,2.8,1,0.9459
650,46653,0.456,4.2,1,0.8911
738,97804,0.356,6.0,0,
720,52522,0.329,4.9,0,
688,41273,0.28,0.8,1,0.8356
742,82766,0.282,1.3,0,
677,70576,0.084,4.4,0,
688,23014,0.382,5.0,0,
800,61851,0.23,6.3,0,
640,66235,0.357,10.0,1,0.8945
705,68928,0.086,0.5,0,
827,167496,0.367,1.3,0,
698,46390,0.124,1.6,0,
750,62563,0.096,1.8,0,
638,28023,0.419,4.3,0,
850,31447,0.243,7.9,1,0.6236
500,47965,0.27,0.8,0,
593,59209,0.084,2.6,0,
600,57350,0.292,3.5,0,
827,85372,0.136,0.5,0,
719,89370,0.299,2.9,0,
667,102034,0.057,0.7,0,
581,58258,0.597,0.5,1,0.8993
720,79685,0.607,0.5,0,
699,44711,0.318,2.1,0,
631,74855,0.17,2.6,0,
563,79293,0.162,0.7,0,
596,49556,0.231,5.2,0,
708,18000,0.23,2.6,0,
716,46102,0.143,1.7,1,0.7033
696,200000,0.518,3.8,0,
677,60091,0.251,1.4,0,
539,46401,0.155,1.6,1,0.8978
694,66247,0.07,0.5,1,0.878
602,107307,0.222,1.7,0,
693,73853,0.268,3.5,0,
729,57034,0.363,9.4,0,
632,34061,0.235,3.1,0,
603,54601,0.308,0.8,1,0.8831
774,35516,0.23,4.2,0,
719,74520,0.368,5.3,0,
635,129462,0.07,3.2,0,
500,104207,0.323,5.8,1,0.8141
685,47364,0.428,0.5,0,
743,39257,0.086,20.0,0,
785,32287,0.151,10.6,0,
632,77725,0.449,1.5,1,0.8934
635,82565,0.349,0.8,0,
652,91752,0.118,2.6,0,
761,73917,0.236,12.4,0,
590,35192,0.199,1.0,1,0.8684
680,25012,0.51,10.4,1,0.8944
611,107082,0.328,5.4,0,
712,41991,0.532,2.5,1,0.9086
557,155675,0.145,0.5,0,
721,22809,0.05,13.3,0,
647,36899,0.413,6.2,0,
670,40004,0.349,1.3,0,
734,71069,0.193,2.5,1,0.6241
787,86051,0.328,2.6,0,
545,48018,0.244,11.0,0,
775,83241,0.24,2.4,0,
737,33511,0.427,5.3,0,
664,49177,0.218,2.3,0,
809,34949,0.61,12.7,0,
706,47839,0.132,2.9,0,
799,45927,0.288,0.6,0,
639,72227,0.143,3.6,0,
616,200000,0.257,12.4,0,
794,32352,0.339,11.4,0,
850,56619,0.625,4.3,0,
743,86582,0.272,4.1,0,
765,64518,0.281,4.1,0,
649,123101,0.45,4.3,0,
577,38186,0.215,4.2,1,0.8961
670,90433,0.281,5.1,0,
817,42833,0.421,3.5,0,
531,92324,0.469,6.8,0,
647,67541,0.446,5.4,0,
527,70201,0.658,0.7,0,
699,47057,0.05,1.4,0,
764,25699,0.116,6.0,1,0.7869
584,36722,0.23,7.9,0,
655,87551,0.136,2.7,0,
802,54962,0.329,3.6,0,
682,88776,0.606,2.7,0,
584,33053,0.103,5.8,1,0.8927
578,84762,0.252,3.9,1,0.9094
518,101087,0.165,5.2,1,0.8525
755,21615,0.05,4.6,0,
626,72747,0.137,9.9,1,0.6638
779,158117,0.436,7.6,0,
763,43444,0.062,0.5,0,
633,100731,0.1,4.2,0,
645,63659,0.43,15.6,0,
756,94078,0.412,8.8,0,
702,51920,0.05,1.8,0,
712,43092,0.136,1.9,0,
549,50912,0.245,9.5,0,
766,52506,0.104,7.3,0,
615,47146,0.226,1.6,1,0.8834
500,41019,0.166,2.2,1,0.9235
637,106166,0.248,0.6,0,
725,47340,0.173,2.0,0,
850,35073,0.219,0.9,0,
658,39921,0.334,1.2,1,0.9453
576,79060,0.16,1.1,1,0.8373
850,21486,0.463,6.4,0,
703,79483,0.148,4.8,1,0.6493
667,88154,0.569,2.1,0,
598,115478,0.064,6.1,0,
604,50678,0.334,2.3,1,0.8443
815,42247,0.216,1.5,0,
666,68099,0.202,0.5,0,
644,67023,0.18,0.9,0,
646,117642,0.28,3.2,0,
823,64347,0.363,3.7,0,
639,51122,0.133,3.5,1,0.7754
743,33102,0.204,7.0,1,0.7742
712,56744,0.103,1.9,0,
710,65033,0.303,0.5,0,
615,110534,0.224,5.2,0,
745,66039,0.296,2.0,1,0.7603
826,119903,0.067,4.4,0,
685,113848,0.463,8.9,0,
611,43487,0.403,2.6,0,
580,36365,0.295,0.5,1,0.91
706,46337,0.172,6.5,0,
666,56156,0.188,10.2,0,
681,42653,0.11,1.4,0,
691,87926,0.454,2.4,0,
564,86897,0.276,0.8,1,0.9016
756,112249,0.261,0.5,0,
709,71895,0.369,0.5,1,0.779
683,51011,0.219,0.7,0,
709,76526,0.285,3.0,1,0.6718
768,40665,0.7,1.3,0,
694,67562,0.375,0.9,0,
617,43685,0.39,6.3,0,
789,109605,0.29,0.5,1,0.5854
653,18000,0.311,1.2,1,0.8538
628,94516,0.526,2.4,1,0.9123
557,96192,0.534,7.0,0,
690,61731,0.344,2.9,0,
600,74047,0.3,0.5,1,0.922
645,69478,0.22,2.9,1,0.8274
728,117227,0.188,12.5,0,
692,139339,0.137,2.7,0,
776,63313,0.071,1.0,0,
715,138012,0.258,13.2,0,
655,46268,0.114,0.5,0,
661,76905,0.114,0.5,1,0.9142
646,77724,0.312,3.9,1,0.8941
744,34395,0.216,2.0,1,0.7255
691,73725,0.168,4.8,0,
655,45742,0.253,2.5,0,
761,92249,0.339,1.1,0,
698,41133,0.336,15.7,0,
650,26889,0.16,1.0,0,
561,33752,0.151,1.4,0,
727,63653,0.482,0.5,0,
710,73140,0.074,0.5,0,
694,74178,0.093,8.5,0,
653,43690,0.177,3.4,1,0.8861
619,91957,0.219,4.6,1,0.8355
670,48403,0.26,10.6,0,
709,56661,0.394,6.0,1,0.8598
679,100841,0.268,8.9,0,
677,58310,0.28,2.7,1,0.8754
650,25568,0.302,8.1,0,
718,88700,0.306,1.1,1,0.6915
709,62993,0.595,7.0,0,
626,52326,0.185,0.5,0,
754,116872,0.372,2.2,0,
757,46572,0.08,0.5,1,0.5264
759,86118,0.148,1.3,0,
678,67189,0.535,3.9,1,0.7721
673,200000,0.239,1.5,0,
591,26547,0.267,0.9,0,
754,69160,0.287,0.5,0,
508,74344,0.34,8.0,0,
656,106657,0.05,5.6,0,
661,51436,0.414,0.5,0,
762,46422,0.136,0.7,0,
689,122658,0.398,2.5,0,
608,51312,0.491,3.1,1,0.8801
568,71972,0.122,4.4,0,
628,61399,0.548,11.6,0,
699,75626,0.213,4.2,0,
694,32974,0.194,0.5,1,0.8926
673,48518,0.672,1.7,1,0.9668
631,61280,0.581,6.5,0,
672,66260,0.141,0.8,0,
774,106496,0.078,1.8,0,
596,80326,0.547,4.4,1,0.9057
692,82926,0.195,3.3,0,
827,61245,0.506,3.7,0,
737,115037,0.354,0.5,1,0.6988
651,47020,0.158,0.5,0,
746,60087,0.232,4.6,1,0.7702
626,30816,0.05,3.4,0,
690,38026,0.155,1.8,1,0.8218
822,94540,0.314,3.7,0,
850,61467,0.282,1.7,0,
544,25834,0.331,0.6,1,0.9308
749,61575,0.429,0.5,0,
850,56130,0.231,4.3,1,0.5173
643,36468,0.103,1.4,0,
712,73753,0.431,2.0,0,
818,55205,0.23,6.2,0,
648,63100,0.409,2.4,0,
728,98733,0.7,0.6,0,
684,46733,0.23,0.6,0,
526,105265,0.111,2.7,0,
719,55196,0.18,8.5,0,
674,55504,0.275,1.9,0,
768,116476,0.424,6.2,0,
850,75292,0.142,4.2,0,
748,51678,0.364,1.9,0,
658,59304,0.284,1.4,1,0.7909
728,69579,0.42,0.5,1,0.6602
707,31268,0.419,0.9,0,
776,86387,0.401,0.5,0,
567,62636,0.172,4.2,1,0.9444
590,33753,0.128,1.2,1,0.9099
516,39921,0.13,4.3,1,0.921
741,94989,0.05,3.8,1,0.6441
688,34222,0.096,4.4,0,
635,175631,0.377,1.6,0,
628,37591,0.157,8.8,0,
641,69209,0.347,2.0,0,
611,18426,0.253,1.9,1,0.9036
662,60526,0.332,2.2,1,0.8508
647,48735,0.416,9.1,0,
808,78859,0.353,3.1,0,
717,68577,0.115,5.1,0,
620,53226,0.31,4.1,1,0.9194
640,175066,0.134,1.6,0,
791,90291,0.184,4.1,0,
728,43883,0.171,0.5,0,
715,73646,0.196,1.2,0,
751,18000,0.322,3.8,0,
824,46996,0.192,4.4,0,
586,112801,0.159,1.8,0,
626,47548,0.574,1.8,0,
542,66483,0.068,1.7,0,
732,35654,0.117,0.5,0,
657,90299,0.428,0.8,1,0.8835
632,65499,0.067,1.7,0,
625,61861,0.38,1.7,1,0.8847
748,96854,0.204,10.6,0,
677,135600,0.628,9.4,1,0.6063
644,90623,0.051,0.7,0,
796,26904,0.286,1.0,0,
601,74666,0.05,1.7,0,
582,69990,0.353,1.0,1,0.8901
850,35580,0.095,1.7,0,
658,28388,0.312,2.9,1,0.848
643,50597,0.513,1.3,1,0.8936
628,53263,0.576,0.5,1,0.9024
678,59507,0.438,3.5,1,0.8495
756,43195,0.225,1.8,0,
754,66166,0.112,0.5,0,
736,70647,0.095,4.8,0,
666,53379,0.567,5.8,0,
563,73706,0.479,0.5,0,
714,46235,0.212,5.1,0,
819,28807,0.585,9.6,0,
780,61027,0.061,0.7,0,
675,93393,0.304,0.7,0,
758,200000,0.658,3.5,0,
657,22059,0.294,0.8,0,
685,48018,0.35,0.6,0,
585,40189,0.205,3.1,0,
663,69623,0.083,5.7,1,0.7272
701,40170,0.281,3.7,0,
675,65000,0.114,3.9,0,
755,98376,0.23,2.1,0,
850,42732,0.152,18.1,0,
802,59132,0.265,2.0,0,
664,133095,0.069,0.5,0,
627,93714,0.404,0.5,0,
634,28187,0.411,4.6,1,0.8898
606,165894,0.143,5.0,1,0.7774
692,44242,0.152,0.5,0,
725,70997,0.114,0.9,0,
705,50342,0.092,1.1,0,
706,49367,0.228,0.5,0,
703,44041,0.208,5.4,0,
678,82757,0.399,2.6,0,
626,42378,0.05,9.2,0,
836,33592,0.37,1.4,0,
779,46788,0.113,1.0,0,
612,61480,0.05,1.9,0,
613,23488,0.216,5.8,1,0.957
640,90017,0.269,3.9,0,
692,43606,0.077,2.6,1,0.8554
797,87077,0.245,0.8,0,
776,119489,0.258,1.0,0,
780,71599,0.086,1.4,0,
782,79595,0.313,7.5,0,
784,49619,0.301,1.7,0,
752,44653,0.351,3.5,0,
728,24809,0.059,6.0,1,0.7615
679,56167,0.115,11.2,0,
541,47417,0.436,3.3,0,
679,19783,0.284,3.5,1,0.8748
843,70259,0.24,0.5,0,
644,127712,0.298,4.6,0,
636,74781,0.576,0.5,0,
776,107681,0.34,6.9,1,0.6877
696,54198,0.338,17.2,0,
649,37866,0.169,3.3,0,
822,63616,0.183,1.3,0,
743,52239,0.241,6.0,0,
754,35771,0.113,0.5,0,
642,101214,0.098,6.5,0,
732,66914,0.211,3.2,0,
722,45048,0.126,1.1,0,
756,67796,0.541,2.4,1,0.7416
787,57479,0.089,4.8,0,
785,83049,0.565,5.5,0,
704,132804,0.278,6.7,0,
748,45907,0.175,1.6,0,
592,34845,0.647,1.4,1,0.8606
744,119754,0.236,4.5,0,
748,195102,0.107,1.3,0,
656,46156,0.565,1.6,0,
624,39942,0.29,2.1,0,
685,34789,0.536,3.4,1,0.8817
586,61637,0.282,8.2,0,
718,65158,0.621,0.5,0,
715,54613,0.7,3.9,1,0.94
609,92530,0.29,0.6,1,0.8664
694,41841,0.331,4.6,0,
780,46573,0.424,4.7,0,
780,33939,0.391,8.4,0,
775,120495,0.216,5.1,0,
677,103813,0.14,4.0,0,
661,116034,0.571,7.0,0,
656,41399,0.46,7.7,0,
740,117855,0.248,0.7,1,0.7575
850,71353,0.219,6.5,0,
809,87623,0.065,6.1,0,
824,82036,0.4,0.5,0,
804,53306,0.377,3.7,0,
552,57346,0.477,11.7,1,0.8796
672,29742,0.195,3.3,0,
653,47834,0.05,1.5,0,
796,55809,0.31,1.0,1,0.7597
833,35769,0.271,17.2,0,
633,65257,0.099,4.5,0,
693,114873,0.14,7.8,0,
737,49171,0.505,5.3,0,
648,39229,0.397,0.7,0,
636,41400,0.227,0.7,1,0.9074
632,68192,0.185,0.5,0,
765,143864,0.203,3.5,0,
612,67452,0.189,1.4,0,
786,64020,0.473,2.4,0,
697,34403,0.05,5.6,1,0.8572
753,73119,0.333,2.5,0,
821,84190,0.441,1.1,0,
633,51366,0.554,0.8,1,0.9074
620,61583,0.214,7.5,1,0.8748
726,45462,0.125,5.1,1,0.7937
602,88705,0.075,1.4,0,
627,118262,0.335,14.0,1,0.7802
680,74768,0.396,2.6,1,0.8833
703,79577,0.05,4.0,0,
584,63988,0.168,9.0,0,
657,45892,0.453,0.5,1,0.9347
739,43110,0.135,0.8,1,0.8759
804,51419,0.184,4.3,0,
523,65961,0.076,5.7,0,
800,62225,0.418,13.1,0,
764,101346,0.05,1.2,0,
597,88954,0.198,1.0,0,
565,127142,0.524,13.3,0,
725,90520,0.205,2.2,1,0.5566
654,55589,0.367,0.5,1,0.8081
701,65423,0.249,3.9,0,
762,28737,0.462,0.6,0,
658,138805,0.482,2.8,0,
703,47296,0.446,0.9,1,0.8891
730,51417,0.094,1.7,0,
765,149360,0.259,8.3,0,
839,37420,0.385,0.9,0,
834,46531,0.158,2.4,1,0.6515
710,60671,0.202,4.0,0,
670,47378,0.408,4.7,0,
850,65310,0.248,9.8,0,
744,70371,0.252,0.5,0,
726,84789,0.622,1.5,1,0.8693
596,59471,0.416,3.2,0,
755,87243,0.31,0.6,0,
624,53408,0.344,2.5,1,0.8536
651,83830,0.7,0.5,0,
577,109915,0.418,1.5,0,
646,27412,0.31,3.8,1,0.9024
695,56290,0.519,1.9,0,
563,68309,0.05,5.4,1,0.9154
614,25416,0.073,5.4,1,0.9284
683,18000,0.355,8.2,1,0.8635
583,72783,0.383,11.3,1,0.932
584,46044,0.488,1.6,0,
619,91183,0.277,5.6,0,
571,62397,0.371,0.5,0,
741,62309,0.347,2.9,0,
605,53037,0.383,7.0,0,
755,65841,0.214,4.0,0,
768,40664,0.086,3.4,0,
588,49054,0.127,0.5,0,
693,91263,0.489,3.3,0,
649,55556,0.138,6.8,0,
593,79835,0.255,0.7,0,
661,62416,0.381,1.7,0,
669,53338,0.391,3.4,0,
750,39521,0.207,0.5,0,
776,93725,0.437,1.9,0,
596,42182,0.151,2.1,0,
655,74944,0.191,4.5,0,
734,29823,0.202,3.3,0,
789,71354,0.068,12.4,1,0.5792
500,75322,0.301,4.5,0,
798,46210,0.2,3.6,0,
675,28960,0.453,0.8,1,1.0019
819,58152,0.356,2.3,0,
654,65833,0.436,1.9,0,
619,48832,0.313,5.6,0,
693,45372,0.499,10.8,1,0.9151
789,96725,0.396,3.6,0,
692,59414,0.479,2.1,0,
500,51376,0.273,1.2,1,0.8938
748,93779,0.314,16.8,0,
553,62088,0.268,1.0,0,
607,44909,0.212,16.6,1,0.8924
591,94916,0.154,1.0,0,
534,52778,0.273,0.5,0,
583,97376,0.329,4.2,1,0.9313
606,45460,0.351,2.1,0,
638,73093,0.568,3.8,1,0.9305
685,112933,0.343,1.3,0,
661,77884,0.368,6.8,0,
564,79568,0.486,0.5,1,0.8664
674,77627,0.487,3.1,1,0.8508
772,94325,0.3,6.9,0,
770,65203,0.296,4.1,0,
701,77613,0.328,2.1,0,
742,56253,0.161,12.6,0,
765,157136,0.188,2.9,0,
805,41351,0.12,1.8,1,0.6818
834,92871,0.289,3.3,0,
662,39358,0.101,1.8,1,0.8442
666,81038,0.264,1.8,1,0.8329
815,117190,0.427,2.2,0,
822,37313,0.408,0.5,0,
820,144542,0.353,11.0,0,
500,39755,0.421,2.8,1,0.9148
671,42490,0.469,1.1,0,
500,73130,0.131,3.0,1,0.9171
752,37227,0.122,0.5,0,
694,99853,0.433,4.1,1,0.8903
694,79184,0.208,1.1,0,
678,18000,0.05,2.8,1,0.9133
800,31883,0.143,6.2,1,0.5783
665,44496,0.164,1.5,1,0.9112
777,76386,0.27,1.7,0,
737,37696,0.173,5.5,0,
720,44468,0.299,1.4,0,
729,84017,0.172,6.5,0,
699,39083,0.177,0.5,1,0.9114
597,72031,0.337,1.3,0,
750,32749,0.472,2.1,1,0.8849
750,100588,0.113,3.0,0,
677,122681,0.363,3.2,0,
752,36291,0.537,1.9,0,
766,20380,0.28,5.3,0,
581,28144,0.213,1.0,0,
677,98478,0.431,5.0,0,
652,47596,0.178,6.5,1,0.796
613,102584,0.137,10.3,0,
717,33064,0.144,7.1,0,
618,39893,0.28,0.5,1,0.9115
653,58834,0.117,6.7,0,
710,103264,0.171,0.9,0,
719,56120,0.206,2.6,0,
717,38214,0.246,0.6,0,
850,71681,0.295,4.1,0,
647,64753,0.196,1.3,0,
711,78857,0.689,3.6,1,0.9198
587,57155,0.057,0.5,0,
730,46281,0.245,0.5,0,
788,62782,0.412,6.8,0,
793,19226,0.438,0.7,1,0.871
635,70550,0.121,0.5,1,0.8728
666,111300,0.227,0.5,0,
797,80755,0.603,3.4,0,
682,39606,0.193,0.9,1,0.9733
771,30070,0.541,1.3,0,
607,115941,0.23,2.8,0,
807,48833,0.369,2.1,0,
777,56246,0.088,5.6,0,
729,69091,0.159,4.8,0,
622,46950,0.122,10.3,0,
676,63342,0.195,2.3,1,0.8688
702,126484,0.643,1.9,0,
712,49116,0.05,0.6,0,
681,154218,0.309,2.4,0,
671,74535,0.195,1.7,0,
706,72323,0.089,1.2,0,
808,97356,0.294,3.3,0,
519,96218,0.651,5.1,1,0.8915
573,102530,0.224,0.5,1,0.8236
558,81012,0.508,4.0,1,0.9247
631,47214,0.192,2.7,0,
542,134690,0.339,4.2,1,0.9283
737,57959,0.158,0.5,0,
698,41926,0.658,3.1,1,0.925
668,95214,0.534,10.1,0,
632,84723,0.314,4.2,0,
703,61383,0.13,5.6,1,0.869
705,64515,0.228,3.2,0,
718,82128,0.425,2.7,0,
628,155178,0.234,5.1,0,
745,60123,0.592,5.1,0,
565,34288,0.322,0.5,0,
796,47588,0.224,0.7,1,0.7671
500,79335,0.277,1.5,0,
639,56630,0.42,5.5,1,0.907
587,45465,0.614,10.0,0,
757,87988,0.12,2.1,0,
563,88331,0.376,3.2,0,
844,56544,0.354,0.5,0,
558,71255,0.223,0.8,1,0.9168
850,46048,0.286,0.9,0,
728,46644,0.232,9.1,0,
692,52947,0.319,8.4,1,0.6737
727,32652,0.2,0.5,0,
850,72977,0.243,0.5,0,
765,59859,0.442,6.7,0,
500,48833,0.225,11.6,1,0.8843
791,65206,0.171,2.0,1,0.7253
709,66021,0.271,6.8,1,0.6155
552,43521,0.244,3.8,1,0.8971
754,46743,0.399,5.6,1,0.5908
587,42429,0.188,2.0,0,
705,117054,0.445,1.4,0,
709,27826,0.472,5.5,0,
634,59256,0.073,1.9,0,
745,91331,0.394,8.9,0,
603,36764,0.109,1.9,0,
706,38904,0.05,3.4,0,
643,38486,0.448,6.9,1,0.8496
674,25978,0.369,3.4,0,
850,106300,0.166,0.5,0,
699,53875,0.413,0.5,1,0.6215
597,35555,0.404,2.1,1,0.8974
680,44228,0.228,2.5,0,
624,64623,0.278,10.0,0,
692,50759,0.452,1.1,1,0.9078
703,38722,0.25,6.2,0,
697,75064,0.254,2.0,0,
697,38718,0.272,1.0,0,
643,48819,0.251,1.1,1,0.9479
728,63780,0.224,3.1,0,
779,41620,0.321,0.5,1,0.7638
637,60868,0.484,4.3,1,0.8797
685,43247,0.436,3.2,0,
695,200000,0.442,1.0,0,
796,48187,0.371,1.9,0,
781,80997,0.445,3.9,0,
627,38906,0.215,2.8,1,0.8822
696,34318,0.157,3.8,1,0.7786
563,54942,0.276,0.5,1,0.9598
607,49424,0.32,7.0,0,
691,49512,0.268,1.1,1,0.9098
743,57247,0.229,15.4,1,0.6088
771,88344,0.319,3.9,0,
663,143805,0.256,0.5,0,
574,151036,0.315,2.9,0,
723,59600,0.172,1.4,0,
675,137992,0.359,2.0,0,
726,129598,0.413,2.8,0,
703,42870,0.094,2.3,1,0.768
750,45769,0.078,2.1,0,
745,54817,0.14,4.1,0,
761,145592,0.36,0.5,0,
650,53553,0.358,0.7,1,0.8688
774,51030,0.391,1.8,1,0.8667
647,110368,0.053,5.7,1,0.548
697,52387,0.206,8.7,0,
848,53005,0.184,0.5,0,
720,75631,0.174,2.0,0,
590,61782,0.45,2.2,0,
816,18045,0.222,0.9,1,0.7289
775,31378,0.256,3.5,0,
786,79248,0.16,6.1,0,
706,28673,0.439,1.6,0,
719,101289,0.374,3.8,0,
670,54684,0.185,0.8,0,
630,63749,0.352,3.0,1,0.9243
820,64597,0.309,5.4,0,
658,24098,0.314,9.4,1,0.9013
649,40289,0.141,7.4,0,
652,34293,0.368,3.5,0,
848,63280,0.074,6.8,0,
764,116626,0.403,1.8,0,
658,50773,0.4,0.5,0,
686,58456,0.262,3.0,1,0.8968
733,22361,0.249,8.4,0,
764,47330,0.233,1.4,0,
553,50393,0.428,6.1,0,
766,51742,0.22,0.9,0,
671,75185,0.081,0.9,0,
631,110170,0.462,0.5,1,0.8714
656,56190,0.085,0.5,1,0.8337
757,68252,0.205,3.7,0,
839,26998,0.64,2.7,0,
702,75577,0.414,2.1,0,
737,57592,0.451,1.3,1,0.8273
620,24696,0.144,6.7,1,0.9359
731,66551,0.252,1.0,0,
759,41484,0.254,4.9,0,
563,91703,0.156,0.5,1,0.9095
646,70577,0.098,0.7,1,0.9127
757,59031,0.398,4.3,0,
540,128332,0.356,3.8,0,
658,52646,0.072,0.5,0,
741,49063,0.202,0.5,1,0.7549
546,57797,0.217,10.4,1,0.902
656,60177,0.066,4.8,1,0.7506
694,38007,0.225,4.0,1,0.8547
765,74791,0.229,1.9,0,
581,69748,0.214,5.6,1,0.9134
784,44513,0.172,0.9,0,
715,27273,0.199,3.0,0,
791,101727,0.443,4.4,0,
788,107475,0.368,9.1,0,
718,88558,0.326,5.3,0,
731,92649,0.331,0.9,1,0.7421
542,136812,0.142,0.9,0,
575,68575,0.381,1.7,0,
604,127782,0.218,5.7,0,
660,55122,0.101,0.9,1,0.8508
769,39253,0.304,2.2,1,0.7434
538,60023,0.185,0.7,0,
662,51465,0.239,0.5,1,0.8301
577,75661,0.14,0.5,1,0.9378
557,142271,0.414,3.3,0,
815,73431,0.376,0.5,0,
698,99183,0.247,1.0,0,
828,166374,0.114,0.5,0,
790,142346,0.125,2.4,0,
611,63245,0.382,7.4,0,
532,44020,0.261,2.1,1,0.8754
850,167212,0.126,11.5,0,
655,36395,0.339,6.9,0,
592,25507,0.197,4.8,0,
748,23473,0.189,6.7,1,0.8049
701,106396,0.422,1.3,1,0.8811
632,30156,0.36,3.4,1,0.8924
660,53929,0.289,8.3,1,0.6876
703,57236,0.125,0.9,0,
696,113605,0.431,9.7,0,
754,31651,0.064,4.7,0,
659,62498,0.315,7.9,1,0.8078
660,70435,0.259,0.5,0,
741,119621,0.365,14.1,0,
716,54422,0.284,0.5,0,
783,69530,0.139,0.6,0,
668,53449,0.122,7.7,0,
681,102993,0.172,3.6,0,
591,95950,0.18,0.9,0,
817,50826,0.238,4.9,0,
571,79540,0.26,0.5,1,0.9187
707,30160,0.362,3.4,0,
614,63298,0.053,5.1,1,0.8078
718,40145,0.231,0.5,1,0.905
753,50274,0.378,2.6,0,
550,99456,0.086,1.8,1,0.9278
672,171823,0.31,3.3,0,
540,67901,0.278,8.7,1,0.9032
809,57564,0.28,0.5,0,
652,52485,0.227,2.1,0,
555,88224,0.144,2.5,0,
630,56579,0.187,0.5,0,
801,98598,0.135,2.1,0,
816,128814,0.281,0.5,0,
798,83304,0.225,2.0,0,
623,51316,0.426,0.9,0,
677,88967,0.281,1.6,0,
828,44384,0.483,13.6,0,
627,26624,0.594,1.1,1,0.8714
661,106784,0.293,3.3,0,
608,154932,0.293,4.3,1,0.9229
591,116567,0.342,1.0,1,0.9594
792,52053,0.356,6.0,0,
743,18000,0.38,2.5,0,
728,43488,0.398,10.8,0,
739,83135,0.147,1.1,0,
776,51051,0.21,2.3,1,0.6076
818,120070,0.15,0.5,0,
689,41735,0.155,4.1,0,
661,78069,0.356,2.1,1,0.8198
602,68524,0.263,2.8,0,
781,69622,0.573,0.6,1,0.8148
646,31337,0.642,10.1,1,0.9036
562,58489,0.619,2.0,1,0.8985
667,69680,0.106,2.5,0,
692,50655,0.494,1.0,1,0.8933
760,32721,0.281,0.5,0,
775,48520,0.132,8.5,0,
627,38709,0.09,5.5,1,0.8813
621,72315,0.088,1.3,0,
662,97431,0.154,3.9,0,
587,71594,0.48,4.0,1,0.9172
680,73026,0.642,3.4,0,
729,56078,0.378,0.8,1,0.8414
693,67029,0.203,1.5,1,0.8741
552,23952,0.12,1.0,1,0.8632
588,63266,0.135,1.0,0,
799,93508,0.156,1.2,0,
603,47352,0.248,6.4,0,
752,85117,0.435,2.0,0,
743,29577,0.08,14.2,0,
662,62325,0.405,2.7,0,
605,55660,0.331,0.5,1,0.8794
707,76187,0.421,13.3,1,0.7348
614,65305,0.404,1.5,1,0.8828
675,177452,0.349,0.5,0,
699,18000,0.376,5.6,0,
629,30282,0.449,1.4,0,
670,43968,0.183,3.1,1,0.8294
663,63658,0.17,6.2,0,
584,44546,0.295,1.8,0,
673,43912,0.158,0.5,1,0.8203
635,28467,0.19,5.9,1,0.8817
534,31588,0.226,1.2,1,0.9126
661,39933,0.467,1.0,1,0.9291
665,126166,0.412,1.4,0,
638,41078,0.576,2.6,0,
514,200000,0.217,1.1,0,
755,101482,0.191,0.5,0,
748,52867,0.615,2.5,1,0.8002
745,90048,0.235,2.4,0,
717,99462,0.267,0.5,1,0.6602
583,34097,0.05,1.4,1,0.921
700,27798,0.261,3.3,1,0.8923
611,123327,0.136,3.3,0,
850,38288,0.072,2.7,0,
645,92357,0.303,2.5,0,
746,84439,0.147,3.5,0,
558,27170,0.66,7.6,1,0.9363
589,83111,0.567,10.7,0,
644,79847,0.258,0.5,0,
749,112962,0.608,4.2,0,
736,59877,0.387,4.4,0,
714,75831,0.212,14.4,0,
532,73064,0.146,1.5,0,
786,54353,0.424,8.1,0,
611,134172,0.236,2.3,1,0.6444
827,97087,0.472,0.8,0,
848,127833,0.137,2.5,0,
760,72282,0.7,7.3,0,
774,106808,0.269,3.0,0,
582,38441,0.083,1.4,1,0.9465
850,45105,0.276,7.8,0,
708,98676,0.19,4.1,0,
774,54533,0.236,4.2,1,0.6965
617,50275,0.171,2.0,1,0.9152
684,65696,0.09,3.4,1,0.4648
589,28374,0.181,1.3,0,
669,65968,0.168,0.9,0,
691,77055,0.232,1.8,0,
711,52124,0.506,2.4,1,0.8764
808,35393,0.515,6.3,0,
730,141634,0.332,1.6,0,
710,74701,0.308,0.8,1,0.7248
693,37102,0.261,0.5,0,
850,45784,0.239,3.8,0,
640,27884,0.525,2.4,0,
790,26264,0.266,0.5,0,
523,24182,0.453,9.5,0,
615,40661,0.322,2.0,1,0.8595
724,74529,0.104,20.0,1,0.6409
676,86865,0.249,3.8,0,
850,57538,0.325,0.6,0,
850,99530,0.55,0.8,1,0.4604
560,79986,0.135,2.3,0,
598,34941,0.39,5.4,1,0.9093
677,40502,0.394,10.7,0,
837,69787,0.231,7.8,0,
786,84485,0.226,2.4,0,
717,102665,0.087,1.4,0,
569,31356,0.7,3.6,1,0.899
618,23834,0.191,1.7,0,
500,161182,0.184,5.0,1,0.8914
559,53277,0.317,3.3,0,
726,98731,0.279,1.7,0,
757,62085,0.251,1.5,0,
579,31364,0.109,5.2,0,
699,120124,0.085,0.5,0,
828,76708,0.168,2.8,0,
704,124909,0.227,0.9,0,
664,82106,0.184,6.7,0,
742,38083,0.242,0.8,0,
735,60260,0.296,3.2,0,
697,99386,0.266,2.8,1,0.7868
644,44042,0.32,13.7,0,
654,67331,0.333,3.0,0,
698,107800,0.407,3.3,1,0.8925
643,33913,0.354,19.1,1,0.8991
803,51473,0.203,1.4,0,
766,67062,0.179,1.0,0,
782,97877,0.158,1.9,0,
850,58933,0.161,0.9,0,
824,43699,0.568,5.1,0,
810,80934,0.321,6.0,1,0.7578
721,46028,0.223,4.8,0,
674,75620,0.263,17.9,1,0.8222
850,73469,0.317,14.1,0,
633,56263,0.248,7.2,0,
637,93532,0.428,0.5,1,0.8765
616,109297,0.416,3.9,0,
708,32999,0.215,3.9,0,
725,79589,0.05,2.7,0,
777,57226,0.312,7.7,0,
671,53626,0.105,0.5,0,
542,64616,0.321,0.8,0,
717,109389,0.501,11.7,0,
773,57862,0.361,1.3,0,
693,53194,0.557,0.9,1,0.8491
679,33984,0.05,0.5,0,
738,57402,0.375,2.3,0,
812,62218,0.057,5.5,0,
684,39345,0.418,1.0,1,0.9255
569,53831,0.28,11.2,1,0.9072
642,78505,0.186,6.3,0,
676,121796,0.652,15.3,1,0.725
537,54509,0.217,10.3,1,0.883
755,163306,0.318,2.7,0,
625,101228,0.05,2.0,0,
733,95268,0.419,0.9,0,
706,83588,0.51,7.4,0,
663,66078,0.57,0.5,0,
828,46639,0.556,0.5,1,0.6302
642,61178,0.142,2.8,0,
633,65123,0.295,5.3,1,0.8081
715,68437,0.283,0.5,1,0.839
761,132952,0.157,4.4,0,
689,166216,0.125,0.8,0,
606,82408,0.149,1.2,1,0.8648
748,103078,0.388,2.4,0,
741,45853,0.363,2.6,0,
850,24618,0.459,2.4,0,
671,60928,0.085,1.1,0,
708,72078,0.138,9.1,1,0.6771
641,125633,0.375,2.1,1,0.8754
563,200000,0.05,0.5,1,0.7212
696,72922,0.589,0.7,0,
762,120217,0.36,7.0,0,
603,109670,0.067,4.7,0,
632,71375,0.333,1.6,0,
590,95829,0.21,12.9,0,
804,77505,0.523,1.8,0,
636,135933,0.341,3.3,1,0.8689
739,38880,0.189,0.5,0,
616,21226,0.199,1.3,1,0.8986
696,68900,0.663,5.1,0,
636,100811,0.126,10.4,1,0.6746
500,107196,0.485,5.7,1,0.8886
696,49309,0.474,0.5,0,
734,84131,0.393,1.1,0,
512,47345,0.475,0.5,0,
675,89962,0.304,16.2,0,
653,45339,0.241,4.1,0,
598,38730,0.381,2.0,1,0.8495
668,101944,0.401,3.7,0,
525,35551,0.591,0.9,0,
711,31991,0.219,1.9,0,
790,94913,0.231,0.5,0,
582,68126,0.087,0.8,1,0.8844
684,21373,0.289,1.2,0,
811,114501,0.269,1.9,0,
700,35987,0.138,2.7,0,
645,52205,0.33,3.1,0,
612,61495,0.34,0.5,0,
705,170717,0.128,2.6,0,
678,64197,0.248,6.0,0,
743,100253,0.135,4.9,0,
560,60759,0.17,1.1,1,0.937
781,83033,0.337,9.5,0,
655,33051,0.05,10.4,0,
744,65025,0.191,0.8,0,
628,48450,0.201,3.5,0,
579,39935,0.36,1.3,1,0.8955
641,74938,0.113,1.8,0,
608,106992,0.509,1.4,0,
658,81650,0.601,4.4,0,
745,55849,0.464,2.8,0,
781,92428,0.231,0.8,1,0.6249
707,38168,0.319,1.1,1,0.7687
644,75697,0.07,5.9,0,
651,83424,0.206,1.2,0,
740,62321,0.597,3.6,0,
786,57546,0.431,7.1,0,
662,68887,0.235,0.5,0,
679,49533,0.621,0.7,0,
626,58457,0.224,11.6,0,
707,92472,0.188,1.2,0,
771,25848,0.582,20.0,0,
500,118211,0.139,2.9,1,0.8649
711,80874,0.611,12.7,1,0.884
643,71988,0.217,1.8,1,0.9049
500,40075,0.479,2.7,0,
716,53280,0.654,2.3,1,0.8522
682,48765,0.119,10.0,1,0.8542
721,89827,0.11,0.7,0,
573,87723,0.7,2.8,1,0.8842
850,112651,0.414,14.0,0,
699,66645,0.133,9.0,0,
660,24559,0.571,1.8,0,
819,40724,0.258,6.1,1,0.5865
745,54129,0.119,0.5,0,
760,75537,0.436,6.3,0,
788,31398,0.189,7.2,0,
513,58455,0.113,0.9,0,
831,66316,0.662,7.2,0,
660,48285,0.485,3.7,1,0.8776
714,58633,0.264,7.7,0,
768,190539,0.297,14.4,1,0.5767
629,63506,0.306,0.5,1,0.9001
717,164973,0.056,0.5,0,
754,71800,0.168,17.2,1,0.5611
686,45592,0.2,0.5,0,
732,83301,0.268,6.2,0,
553,52548,0.456,1.0,1,0.9096
588,61889,0.109,7.0,1,0.8484
592,21842,0.677,0.5,0,
721,75318,0.08,3.5,1,0.913
850,48203,0.232,0.5,0,
712,109261,0.46,0.5,1,0.8509
677,67063,0.075,0.5,0,
684,53031,0.41,2.7,0,
773,38502,0.055,0.6,0,
750,64122,0.087,2.7,0,
592,53036,0.05,1.3,0,
776,43765,0.35,0.5,1,0.7061
687,154609,0.05,1.8,0,
759,59096,0.277,1.7,1,0.8383
520,96961,0.602,0.5,1,0.971
557,127539,0.234,2.2,1,0.8779
740,76717,0.242,8.3,0,
536,85307,0.059,14.4,1,0.8629
723,80475,0.173,13.0,1,0.5609
718,99875,0.507,15.8,0,
702,83110,0.183,2.1,0,
720,80213,0.464,4.4,0,
712,67465,0.588,4.9,1,0.938
728,50157,0.308,1.4,0,
655,51373,0.257,3.2,1,0.8997
688,46588,0.323,0.8,0,
850,69201,0.504,5.6,0,
786,117749,0.127,0.6,0,
742,40262,0.14,4.4,1,0.7131
723,47189,0.192,0.8,0,
628,39513,0.213,6.9,1,0.9131
709,61399,0.308,4.0,0,
669,102602,0.465,0.5,1,0.922
770,53774,0.105,0.7,0,
612,72845,0.085,12.7,1,0.6109
500,20889,0.49,6.1,1,0.9064
642,58710,0.052,10.8,0,
749,79332,0.316,3.9,1,0.6338
850,47014,0.05,1.6,0,
777,28999,0.148,0.5,1,0.6157
606,78338,0.509,1.4,0,
671,59766,0.608,4.6,0,
609,148893,0.191,0.9,1,0.7388
674,47816,0.122,4.6,0,
613,58458,0.125,1.4,0,
550,52526,0.305,2.7,1,0.8962
727,66057,0.113,0.5,0,
706,26519,0.402,2.6,0,
675,119965,0.251,0.5,1,0.634
719,85189,0.353,8.6,1,0.7702
850,56479,0.363,11.1,0,
699,53064,0.165,10.3,0,
657,80543,0.17,0.5,0,
763,74705,0.507,1.0,0,
550,51606,0.565,6.1,1,0.9106
754,58176,0.089,2.2,0,
624,74137,0.094,0.8,1,0.803
620,51468,0.221,0.5,1,0.7816
699,53868,0.273,6.8,0,
832,51472,0.409,3.3,0,
626,53089,0.1,0.5,0,
770,34037,0.05,1.9,0,
722,40277,0.442,1.1,0,
571,75040,0.16,3.1,1,0.8586
767,91558,0.244,11.7,0,
619,61474,0.379,1.9,1,0.9309
565,18000,0.429,0.7,1,0.9527
622,31220,0.11,0.6,0,
628,76515,0.165,12.7,0,
740,140170,0.237,11.4,1,0.5319
627,111742,0.489,3.4,0,
816,57164,0.33,2.9,0,
708,53354,0.255,0.5,0,
628,51429,0.455,1.6,0,
619,143636,0.237,2.0,0,
709,70490,0.282,4.6,0,
517,40803,0.162,7.0,1,0.9136
504,99035,0.249,6.8,1,0.8875
614,93566,0.131,5.2,1,0.8967
743,24269,0.07,6.9,0,
705,46854,0.332,2.1,0,
691,101826,0.313,1.1,1,0.8079
671,97237,0.34,5.7,0,
504,35094,0.55,14.0,0,
662,63194,0.338,6.8,0,
539,95855,0.219,1.3,0,
760,74464,0.618,2.3,1,0.6254
689,38496,0.154,3.1,0,
682,58034,0.496,1.7,0,
723,86732,0.323,0.7,1,0.8134
717,79965,0.396,4.6,0,
709,40198,0.284,3.3,1,0.7101
719,192309,0.392,0.5,0,
639,70495,0.596,1.6,0,
576,31195,0.329,0.5,1,0.9004
719,54340,0.106,0.7,0,
812,18000,0.079,17.1,0,
775,45943,0.159,2.1,0,
671,62343,0.211,12.5,1,0.7764
742,198781,0.453,0.6,0,
652,69800,0.238,0.5,1,0.9046
722,75820,0.391,3.5,0,
638,91282,0.37,1.2,0,
701,70436,0.076,7.2,0,
850,48088,0.39,6.4,0,
755,121215,0.518,1.0,1,0.6504
817,81608,0.421,0.5,0,
624,132497,0.326,1.3,0,
631,103912,0.385,1.9,1,0.9054
686,41074,0.244,7.7,0,
737,51536,0.554,3.7,0,
672,52882,0.355,15.2,1,0.7754
776,53355,0.153,11.5,1,0.6282
643,79150,0.199,0.5,0,
805,58944,0.382,0.5,0,
772,44088,0.475,2.7,1,0.7581
595,128136,0.137,2.9,0,
739,121945,0.482,7.2,1,0.6999
670,65339,0.14,1.5,0,
776,38990,0.067,6.7,0,
644,47968,0.158,0.5,1,0.719
716,45039,0.431,11.6,1,0.7722
736,42215,0.072,14.1,0,
500,40649,0.158,6.8,0,
530,71941,0.46,4.4,0,
700,73985,0.077,1.2,0,
679,78766,0.496,13.7,0,
776,41482,0.227,1.7,1,0.835
709,74010,0.329,1.7,0,
581,164149,0.602,1.8,0,
717,71896,0.39,3.1,1,0.8477
626,53543,0.176,1.3,0,
670,200000,0.141,2.2,1,0.583
646,74622,0.107,5.4,0,
719,47996,0.476,20.0,1,0.9547
569,97569,0.472,0.5,1,0.9025
594,46110,0.243,3.9,0,
500,54359,0.349,18.7,0,
850,103525,0.322,17.6,0,
605,48430,0.141,2.3,1,0.8911
616,32108,0.491,6.1,1,0.9153
591,89886,0.42,3.3,1,0.8675
635,95590,0.05,6.7,1,0.6817
652,33751,0.202,1.4,1,0.932
742,54763,0.527,0.5,1,0.8849
704,107594,0.475,0.5,0,
717,72661,0.258,7.7,0,
639,95680,0.52,1.1,0,
683,61149,0.05,2.3,0,
793,48077,0.525,0.8,0,
688,49776,0.16,5.8,0,
715,56042,0.384,2.6,0,
517,70487,0.24,5.3,1,0.9291
733,18283,0.461,7.2,0,
711,26394,0.068,5.7,0,
799,65170,0.431,2.6,1,0.5441
500,89038,0.477,2.2,1,0.9183
691,47689,0.287,12.2,0,
679,65275,0.163,4.1,0,
696,39248,0.272,6.7,1,0.8545
635,34049,0.071,0.5,1,0.808
706,70161,0.053,6.3,0,
748,63074,0.478,2.6,0,
692,51278,0.094,5.1,0,
663,35351,0.354,5.4,0,
670,67342,0.126,1.7,0,
655,63230,0.251,4.0,0,
691,57767,0.312,2.2,0,
627,61490,0.546,8.8,0,
519,54734,0.312,3.9,1,0.886
803,83002,0.363,1.3,1,0.6204
538,78194,0.201,9.5,0,
678,149493,0.469,0.5,1,0.9126
577,125269,0.101,4.0,0,
663,63413,0.403,4.7,0,
605,36412,0.284,1.3,1,0.9006
684,86821,0.167,8.2,1,0.8129
616,48739,0.7,3.2,0,
577,131461,0.154,4.4,1,0.8778
713,32181,0.05,0.7,1,0.8424
800,52697,0.05,1.9,0,
716,132121,0.255,1.2,0,
696,64501,0.05,2.7,0,
597,90276,0.244,5.1,1,0.9323
680,87518,0.625,4.9,0,
724,51157,0.354,0.5,0,
631,95128,0.409,12.1,0,
763,42786,0.284,1.0,1,0.9069
683,55170,0.345,2.4,0,
716,172659,0.426,4.7,0,
644,58895,0.105,2.2,0,
644,76193,0.542,3.6,0,
705,38884,0.145,5.0,0,
719,119799,0.534,3.7,0,
715,41723,0.389,4.5,0,
599,45300,0.07,0.6,0,
623,48328,0.24,1.2,1,0.8463
684,41160,0.089,6.2,0,
528,32937,0.232,0.5,1,0.9177
774,55744,0.431,5.8,0,
712,50914,0.366,4.3,1,0.8681
689,60867,0.176,2.8,0,
625,40302,0.309,1.6,0,
755,41823,0.05,1.7,0,
662,54857,0.609,2.2,0,
847,63587,0.249,0.5,0,
719,41269,0.385,8.4,0,
559,62505,0.436,0.8,1,0.9213
747,56958,0.611,0.5,0,
640,103868,0.123,3.1,0,
641,85338,0.124,0.5,1,0.8951
665,80191,0.431,5.4,1,0.9361
674,101547,0.256,10.2,0,
706,47239,0.208,0.5,0,
750,119232,0.33,4.9,0,
724,69140,0.191,9.5,0,
623,50452,0.2,0.5,1,0.8486
570,76561,0.288,0.5,1,0.8459
616,38499,0.349,0.5,1,0.9104
715,145072,0.437,1.3,0,
759,71414,0.195,8.4,0,
838,31634,0.128,3.8,0,
570,37554,0.281,2.3,0,
691,50059,0.224,2.4,0,
665,48896,0.272,3.6,1,0.8845
650,78245,0.691,1.4,0,
696,95603,0.413,1.6,1,0.8559
663,101893,0.374,2.3,0,
662,81604,0.181,20.0,0,
630,41034,0.541,3.5,0,
718,106707,0.506,0.5,0,
774,112243,0.32,9.6,0,
823,25686,0.291,5.1,0,
640,48615,0.079,0.5,0,
595,53703,0.31,2.5,0,
662,44070,0.266,10.5,0,
613,102676,0.279,10.3,0,
772,78366,0.057,1.5,1,0.7201
615,65054,0.18,2.8,0,
691,35841,0.157,0.5,0,
570,24281,0.289,4.0,1,0.9233
655,40932,0.339,1.4,1,0.9047
701,42894,0.1,2.5,0,
814,41476,0.631,3.4,1,0.7118
626,23512,0.288,20.0,0,
716,30875,0.381,9.7,1,0.893
508,51505,0.185,5.1,0,
582,73502,0.462,0.5,0,
615,49102,0.333,2.3,0,
642,56329,0.357,0.9,0,
721,60645,0.335,9.7,0,
738,60767,0.288,9.4,1,0.5963
548,109763,0.164,0.5,1,0.8852
729,43223,0.388,3.4,0,
589,68962,0.121,3.6,1,0.8921
840,33855,0.285,3.0,0,
711,108563,0.454,7.4,0,
697,88126,0.244,2.3,0,
669,99529,0.258,8.9,0,
681,66060,0.348,1.6,0,
684,59247,0.296,3.5,0,
625,34538,0.186,9.2,0,
748,72625,0.261,0.5,0,
707,118410,0.278,1.3,0,
748,18000,0.194,3.5,0,
679,142164,0.461,18.0,1,0.8726
742,42821,0.298,3.1,0,
620,78518,0.245,2.6,0,
850,42922,0.102,6.4,1,0.4768
624,58487,0.674,6.3,1,0.9026
646,92041,0.47,0.9,0,
766,57667,0.218,4.5,0,
789,146219,0.151,8.2,0,
616,64051,0.24,8.9,0,
543,85173,0.119,1.3,0,
565,47160,0.343,17.1,1,0.8933
600,49747,0.246,5.5,1,0.9084
617,52223,0.214,3.0,1,0.9074
670,79576,0.221,0.5,1,0.9131
772,137030,0.292,6.7,0,
776,63931,0.196,1.3,0,
632,34505,0.209,5.2,1,0.9417
730,47265,0.494,1.8,0,
759,33154,0.063,2.9,0,
803,78991,0.05,5.6,0,
670,63755,0.141,3.8,0,
621,38108,0.34,0.9,0,
748,53215,0.235,4.4,0,
813,97671,0.083,0.5,0,
639,78078,0.247,6.5,0,
849,48211,0.308,6.6,0,
830,89577,0.173,1.2,0,
662,75676,0.259,3.2,0,
551,48721,0.123,0.5,1,0.9107
633,68678,0.476,3.0,1,0.8954
654,151352,0.154,2.2,0,
729,37625,0.498,2.9,0,
542,101513,0.213,1.5,0,
850,59004,0.254,0.9,0,
850,84698,0.421,3.1,0,
622,75961,0.473,1.2,1,0.8313
526,71855,0.311,6.3,1,0.917
669,58595,0.426,5.8,0,
720,63092,0.149,0.5,0,
798,86476,0.438,1.6,0,
744,78094,0.241,9.7,0,
666,31810,0.241,17.4,0,
516,77995,0.418,1.7,0,
727,116331,0.217,6.0,0,
755,95819,0.295,3.6,0,
657,69542,0.187,4.7,1,0.9026
707,26823,0.643,6.1,0,
701,83129,0.451,2.2,0,
663,85928,0.537,2.0,1,0.8784
585,125009,0.229,3.4,0,
713,40301,0.121,0.5,0,
563,56463,0.169,4.6,1,0.8516
803,49151,0.062,5.0,0,
607,55518,0.205,2.6,1,0.9465
725,28075,0.182,3.5,0,
621,50493,0.588,3.2,1,0.8809
716,51418,0.286,0.5,0,
665,52726,0.05,0.5,0,
729,132600,0.632,2.9,0,
616,46787,0.113,8.3,0,
545,50963,0.7,5.7,1,0.8944
659,106137,0.338,0.8,1,0.8849
653,48201,0.463,2.3,1,0.8507
555,110122,0.287,10.5,0,
625,77423,0.419,8.1,0,
541,46705,0.173,1.7,0,
693,44992,0.361,4.5,0,
651,66859,0.195,2.9,1,0.8608
684,57138,0.159,7.8,0,
850,65527,0.224,1.3,0,
697,47803,0.298,9.0,1,0.8803
715,82546,0.31,0.5,1,0.9176
736,45682,0.299,0.5,0,
671,50210,0.557,0.5,0,
633,57459,0.121,3.7,0,
758,34680,0.343,2.9,1,0.8631
771,53883,0.385,11.9,1,0.5953
500,56747,0.151,7.4,1,0.9115
669,31732,0.334,0.5,0,
654,26975,0.067,1.9,0,
635,111771,0.077,1.4,0,
789,55061,0.144,11.1,0,
638,58422,0.171,3.9,1,0.8219
756,46369,0.269,4.6,0,
637,130908,0.25,20.0,0,
648,56635,0.073,1.5,0,
745,26998,0.418,3.4,0,
620,78488,0.59,12.7,1,0.9192
669,39498,0.359,2.4,1,0.8966
589,76544,0.186,2.1,1,0.8437
608,58647,0.315,0.7,0,
744,113481,0.279,1.7,0,
733,78111,0.19,0.5,0,
586,52328,0.463,0.6,1,0.9204
582,122158,0.223,4.4,0,
850,200000,0.368,3.5,0,
628,48749,0.301,5.9,1,0.849
609,104577,0.155,11.5,0,
726,74861,0.214,7.6,0,
617,77582,0.243,0.5,1,0.8889
652,35049,0.246,0.8,0,
759,39680,0.184,1.6,0,
768,122512,0.27,5.1,0,
666,67527,0.217,3.0,0,
797,48950,0.474,0.5,0,
670,147011,0.26,2.2,0,
662,112017,0.07,0.9,0,
682,89074,0.206,3.8,0,
657,39738,0.251,3.8,1,0.9515
727,62699,0.169,0.6,0,
707,126226,0.171,19.1,0,
617,24168,0.05,1.3,1,0.9275
698,29790,0.308,2.6,1,0.8953
637,43225,0.359,0.6,1,0.8917
634,99857,0.159,0.6,0,
671,70313,0.45,2.3,1,0.8798
769,78805,0.338,4.2,0,
706,69205,0.1,3.1,0,
790,66279,0.128,0.9,0,
815,111649,0.282,5.8,0,
680,200000,0.089,8.1,0,
631,78866,0.073,1.3,1,0.8193
616,117538,0.362,0.5,1,0.8791
706,51360,0.259,1.0,0,
756,134953,0.402,0.5,0,
817,66209,0.339,1.3,0,
572,68959,0.587,3.3,0,
761,50913,0.096,0.5,1,0.9353
774,44118,0.072,0.5,0,
850,48935,0.161,11.3,0,
699,39914,0.228,0.7,1,0.9291
680,34318,0.156,7.7,0,
554,152080,0.26,6.5,0,
617,78304,0.241,5.2,1,0.918
589,101358,0.209,3.3,0,
597,80641,0.097,5.9,0,
607,32239,0.285,7.3,1,0.9258
553,64416,0.206,6.2,0,
675,41541,0.318,8.4,0,
716,43273,0.089,1.8,0,
748,60081,0.306,3.4,0,
675,68621,0.131,1.5,0,
773,66275,0.432,7.6,0,
774,67349,0.281,0.5,1,0.8915
555,55269,0.568,1.4,1,0.8913
660,64352,0.162,0.5,1,0.9423
577,115028,0.156,0.5,0,
600,179855,0.537,7.5,0,
699,108128,0.191,5.1,0,
673,57040,0.096,0.5,0,
808,76455,0.33,9.3,0,
850,100236,0.084,8.3,0,
720,102434,0.059,4.1,0,
668,113648,0.302,4.3,1,0.6585
672,114641,0.567,2.6,0,
